0.01,0
0.02,0
0.03,0
0.04,0
0.05,0
0.06,0
0.07,0
0.08,0
0.09,0
0.1,0.001
0.11,0.009
0.12,0.029
0.13,0.096
0.14,0.299
0.15,0.655
0.16,1.268
0.17,1.975
0.18,3.093
0.19,4.185
0.2,5.234
0.21,6.133
0.22,6.812
0.23,7.316
0.24,7.46
0.25,7.2
0.26,6.993
0.27,6.492
0.28,5.863
0.29,5.217
0.3,4.518
0.31,3.795
0.32,3.239
0.33,2.718
0.34,2.294
0.35,2.021
0.36,1.791
0.37,1.77
0.38,1.697
0.39,1.966
0.4,2.096
0.41,2.45
0.42,2.795
0.43,3.153
0.44,3.59
0.45,3.9
0.46,4.227
0.47,4.497
0.48,4.83
0.49,4.959
0.5,4.993
0.51,4.94
0.52,4.968
0.53,4.985
0.54,4.637
0.55,4.538
0.56,4.154
0.57,3.969
0.58,3.605
0.59,3.489
0.6,3.191
0.61,3.108
0.62,2.979
0.63,2.922
0.64,2.775
0.65,2.935
0.66,2.834
0.67,3.089
0.68,3.095
0.69,3.266
0.7,3.538
0.71,3.435
0.72,3.751
0.73,3.905
0.74,4.083
0.75,4.128
0.76,4.157
0.77,4.131
0.78,4.096
0.79,4.14
0.8,4.134
0.81,4.067
0.82,3.885
0.83,3.808
0.84,3.748
0.85,3.642
0.86,3.546
0.87,3.511
0.88,3.357
0.89,3.294
0.9,3.362
0.91,3.219
0.92,3.296
0.93,3.282
0.94,3.239
0.95,3.33
0.96,3.429
0.97,3.377
0.98,3.553
0.99,3.578
1,3.546
1.01,3.625
1.02,3.823
1.03,3.735
1.04,3.701
1.05,3.824
1.06,3.733
1.07,3.624
1.08,3.808
1.09,3.687
1.1,3.729
1.11,3.659
1.12,3.597
1.13,3.582
1.14,3.53
1.15,3.514
1.16,3.438
1.17,3.419
1.18,3.365
1.19,3.27
1.2,3.441
1.21,3.319
1.22,3.448
1.23,3.404
1.24,3.346
1.25,3.355
1.26,3.422
1.27,3.597
1.28,3.407
1.29,3.495
1.3,3.488
1.31,3.516
1.32,3.566
1.33,3.571
1.34,3.562
1.35,3.589
1.36,3.527
1.37,3.566
1.38,3.59
1.39,3.483
1.4,3.509
1.41,3.408
1.42,3.482
1.43,3.488
1.44,3.382
1.45,3.423
1.46,3.312
1.47,3.403
1.48,3.461
1.49,3.326
1.5,3.333
1.51,3.398
1.52,3.437
1.53,3.409
1.54,3.402
1.55,3.364
1.56,3.266
1.57,3.39
1.58,3.46
1.59,3.327
1.6,3.409
1.61,3.488
1.62,3.366
1.63,3.391
1.64,3.414
1.65,3.403
1.66,3.431
1.67,3.463
1.68,3.413
1.69,3.378
1.7,3.361
1.71,3.486
1.72,3.335
1.73,3.373
1.74,3.352
1.75,3.368
1.76,3.408
1.77,3.308
1.78,3.213
1.79,3.282
1.8,3.317
1.81,3.374
1.82,3.324
1.83,3.268
1.84,3.319
1.85,3.285
1.86,3.257
1.87,3.369
1.88,3.373
1.89,3.381
1.9,3.345
1.91,3.272
1.92,3.213
1.93,3.311
1.94,3.336
1.95,3.363
1.96,3.309
1.97,3.226
1.98,3.269
1.99,3.382
2,3.314
2.01,3.338
2.02,3.264
2.03,3.305
2.04,3.32
2.05,3.18
2.06,3.229
2.07,3.261
2.08,3.217
2.09,3.341
2.1,3.213
2.11,3.207
2.12,3.261
2.13,3.263
2.14,3.285
2.15,3.164
2.16,3.228
2.17,3.255
2.18,3.209
2.19,3.265
2.2,3.256
2.21,3.322
2.22,3.243
2.23,3.162
2.24,3.162
2.25,3.278
2.26,3.187
2.27,3.241
2.28,3.305
2.29,3.227
2.3,3.143
2.31,3.206
2.32,3.227
2.33,3.225
2.34,3.298
2.35,3.229
2.36,3.159
2.37,3.204
2.38,3.164
2.39,3.205
2.4,3.216
2.41,3.162
2.42,3.32
2.43,3.139
2.44,3.132
2.45,3.136
2.46,3.133
2.47,3.233
2.48,3.158
2.49,3.218
2.5,3.086
2.51,3.133
2.52,3.077
2.53,3.257
2.54,3.16
2.55,3.199
2.56,3.126
2.57,3.161
2.58,3.266
2.59,3.057
2.6,3.085
2.61,3.076
2.62,3.177
2.63,3.096
2.64,3.168
2.65,3.174
2.66,3.157
2.67,3.196
2.68,3.193
2.69,3.061
2.7,3.12
2.71,3.061
2.72,3.091
2.73,3.018
2.74,3.035
2.75,3.067
2.76,3.127
2.77,3.117
2.78,3.185
2.79,3.116
2.8,3.011
2.81,3.185
2.82,3.093
2.83,3.017
2.84,3.168
2.85,3.022
2.86,3.106
2.87,3.077
2.88,3.168
2.89,2.979
2.9,3.023
2.91,3.113
2.92,3.082
2.93,3.106
2.94,2.981
2.95,3.026
2.96,3.071
2.97,3.037
2.98,3.054
2.99,3.075
3,2.982
3.01,3.114
3.02,3.145
3.03,2.956
3.04,2.968
3.05,3.111
3.06,3.046
3.07,3.064
3.08,2.959
3.09,3.069
3.1,2.977
3.11,3.024
3.12,2.994
3.13,2.954
3.14,2.917
3.15,2.901
3.16,3.068
3.17,3.111
3.18,2.96
3.19,3.046
3.2,3.009
3.21,3.09
3.22,3.037
3.23,3.093
3.24,3.027
3.25,3.008
3.26,2.991
3.27,2.987
3.28,2.937
3.29,3.003
3.3,3.046
3.31,2.993
3.32,2.991
3.33,3.014
3.34,3.008
3.35,2.991
3.36,3.031
3.37,2.964
3.38,2.958
3.39,2.946
3.4,2.846
3.41,2.861
3.42,2.975
3.43,2.865
3.44,3.052
3.45,2.938
3.46,2.946
3.47,2.893
3.48,3.006
3.49,2.957
3.5,2.976
3.51,2.992
3.52,2.859
3.53,2.917
3.54,2.901
3.55,2.975
3.56,3.06
3.57,2.989
3.58,3.042
3.59,2.962
3.6,2.976
3.61,2.893
3.62,2.882
3.63,2.979
3.64,2.86
3.65,2.943
3.66,2.885
3.67,2.913
3.68,2.899
3.69,2.989
3.7,2.836
3.71,2.949
3.72,2.92
3.73,2.908
3.74,2.901
3.75,2.92
3.76,2.946
3.77,2.899
3.78,2.896
3.79,2.911
3.8,2.87
3.81,2.867
3.82,2.967
3.83,2.9
3.84,2.81
3.85,2.908
3.86,2.824
3.87,2.91
3.88,2.762
3.89,2.865
3.9,2.916
3.91,2.905
3.92,2.927
3.93,2.854
3.94,2.874
3.95,2.774
3.96,2.788
3.97,2.791
3.98,2.856
3.99,2.883
4,2.877
4.01,2.748
4.02,2.934
4.03,2.979
4.04,2.84
4.05,2.837
4.06,2.832
4.07,2.788
4.08,2.934
4.09,2.869
4.1,2.834
4.11,2.868
4.12,2.88
4.13,2.808
4.14,2.858
4.15,2.9
4.16,2.857
4.17,2.882
4.18,2.938
4.19,2.826
4.2,2.76
4.21,2.777
4.22,2.803
4.23,2.765
4.24,2.901
4.25,2.781
4.26,2.75
4.27,2.915
4.28,2.79
4.29,2.752
4.3,2.768
4.31,2.822
4.32,2.792
4.33,2.837
4.34,2.761
4.35,2.792
4.36,2.807
4.37,2.764
4.38,2.812
4.39,2.867
4.4,2.81
4.41,2.88
4.42,2.851
4.43,2.735
4.44,2.764
4.45,2.722
4.46,2.857
4.47,2.838
4.48,2.768
4.49,2.743
4.5,2.769
4.51,2.76
4.52,2.84
4.53,2.665
4.54,2.775
4.55,2.865
4.56,2.769
4.57,2.773
4.58,2.702
4.59,2.768
4.6,2.822
4.61,2.696
4.62,2.801
4.63,2.701
4.64,2.792
4.65,2.788
4.66,2.767
4.67,2.73
4.68,2.73
4.69,2.732
4.7,2.746
4.71,2.727
4.72,2.773
4.73,2.8
4.74,2.773
4.75,2.709
4.76,2.724
4.77,2.761
4.78,2.829
4.79,2.815
4.8,2.726
4.81,2.769
4.82,2.682
4.83,2.701
4.84,2.659
4.85,2.79
4.86,2.685
4.87,2.759
4.88,2.693
4.89,2.743
4.9,2.631
4.91,2.625
4.92,2.762
4.93,2.716
4.94,2.747
4.95,2.6
4.96,2.734
4.97,2.729
4.98,2.696
4.99,2.691
5,2.726
5.01,2.688
5.02,2.655
5.03,2.723
5.04,2.668
5.05,2.695
5.06,2.725
5.07,2.704
5.08,2.736
5.09,2.707
5.1,2.656
5.11,2.72
5.12,2.705
5.13,2.76
5.14,2.699
5.15,2.777
5.16,2.739
5.17,2.645
5.18,2.685
5.19,2.663
5.2,2.629
5.21,2.589
5.22,2.696
5.23,2.662
5.24,2.59
5.25,2.733
5.26,2.587
5.27,2.597
5.28,2.671
5.29,2.673
5.3,2.633
5.31,2.721
5.32,2.664
5.33,2.632
5.34,2.655
5.35,2.603
5.36,2.615
5.37,2.645
5.38,2.703
5.39,2.732
5.4,2.624
5.41,2.719
5.42,2.472
5.43,2.631
5.44,2.725
5.45,2.689
5.46,2.613
5.47,2.619
5.48,2.663
5.49,2.706
5.5,2.62
5.51,2.646
5.52,2.489
5.53,2.682
5.54,2.661
5.55,2.561
5.56,2.645
5.57,2.666
5.58,2.704
5.59,2.663
5.6,2.57
5.61,2.692
5.62,2.604
5.63,2.618
5.64,2.583
5.65,2.561
5.66,2.724
5.67,2.56
5.68,2.606
5.69,2.659
5.7,2.514
5.71,2.602
5.72,2.53
5.73,2.606
5.74,2.576
5.75,2.581
5.76,2.594
5.77,2.556
5.78,2.567
5.79,2.621
5.8,2.578
5.81,2.543
5.82,2.604
5.83,2.642
5.84,2.53
5.85,2.609
5.86,2.604
5.87,2.662
5.88,2.59
5.89,2.634
5.9,2.599
5.91,2.651
5.92,2.636
5.93,2.591
5.94,2.577
5.95,2.588
5.96,2.546
5.97,2.524
5.98,2.592
5.99,2.521
6,2.526
6.01,2.684
6.02,2.562
6.03,2.588
6.04,2.538
6.05,2.531
6.06,2.551
6.07,2.613
6.08,2.557
6.09,2.615
6.1,2.54
6.11,2.578
6.12,2.549
6.13,2.459
6.14,2.523
6.15,2.544
6.16,2.512
6.17,2.499
6.18,2.581
6.19,2.554
6.2,2.512
6.21,2.532
6.22,2.533
6.23,2.528
6.24,2.493
6.25,2.556
6.26,2.521
6.27,2.55
6.28,2.548
6.29,2.511
6.3,2.51
6.31,2.536
6.32,2.629
6.33,2.515
6.34,2.684
6.35,2.63
6.36,2.474
6.37,2.541
6.38,2.525
6.39,2.486
6.4,2.503
6.41,2.538
6.42,2.567
6.43,2.572
6.44,2.501
6.45,2.565
6.46,2.547
6.47,2.575
6.48,2.517
6.49,2.463
6.5,2.49
6.51,2.461
6.52,2.559
6.53,2.489
6.54,2.513
6.55,2.491
6.56,2.499
6.57,2.556
6.58,2.475
6.59,2.523
6.6,2.494
6.61,2.484
6.62,2.468
6.63,2.428
6.64,2.596
6.65,2.512
6.66,2.572
6.67,2.52
6.68,2.434
6.69,2.47
6.7,2.508
6.71,2.507
6.72,2.487
6.73,2.393
6.74,2.54
6.75,2.538
6.76,2.482
6.77,2.528
6.78,2.509
6.79,2.535
6.8,2.486
6.81,2.519
6.82,2.417
6.83,2.524
6.84,2.498
6.85,2.453
6.86,2.489
6.87,2.439
6.88,2.545
6.89,2.431
6.9,2.394
6.91,2.469
6.92,2.532
6.93,2.432
6.94,2.478
6.95,2.499
6.96,2.501
6.97,2.49
6.98,2.482
6.99,2.479
7,2.395
7.01,2.516
7.02,2.427
7.03,2.513
7.04,2.502
7.05,2.489
7.06,2.464
7.07,2.468
7.08,2.452
7.09,2.431
7.1,2.475
7.11,2.462
7.12,2.552
7.13,2.4
7.14,2.415
7.15,2.408
7.16,2.484
7.17,2.433
7.18,2.419
7.19,2.458
7.2,2.404
7.21,2.447
7.22,2.401
7.23,2.419
7.24,2.377
7.25,2.411
7.26,2.474
7.27,2.374
7.28,2.426
7.29,2.326
7.3,2.477
7.31,2.464
7.32,2.37
7.33,2.453
7.34,2.434
7.35,2.427
7.36,2.54
7.37,2.423
7.38,2.507
7.39,2.415
7.4,2.44
7.41,2.484
7.42,2.4
7.43,2.53
7.44,2.378
7.45,2.409
7.46,2.464
7.47,2.453
7.48,2.377
7.49,2.445
7.5,2.488
7.51,2.431
7.52,2.351
7.53,2.399
7.54,2.381
7.55,2.432
7.56,2.438
7.57,2.44
7.58,2.411
7.59,2.398
7.6,2.314
7.61,2.398
7.62,2.374
7.63,2.339
7.64,2.375
7.65,2.309
7.66,2.453
7.67,2.335
7.68,2.38
7.69,2.395
7.7,2.323
7.71,2.389
7.72,2.48
7.73,2.409
7.74,2.371
7.75,2.412
7.76,2.485
7.77,2.463
7.78,2.348
7.79,2.449
7.8,2.35
7.81,2.406
7.82,2.416
7.83,2.345
7.84,2.341
7.85,2.303
7.86,2.428
7.87,2.373
7.88,2.42
7.89,2.476
7.9,2.469
7.91,2.409
7.92,2.329
7.93,2.304
7.94,2.426
7.95,2.393
7.96,2.391
7.97,2.393
7.98,2.397
7.99,2.402
8,2.413
8.01,2.394
8.02,2.38
8.03,2.414
8.04,2.342
8.05,2.285
8.06,2.365
8.07,2.323
8.08,2.446
8.09,2.34
8.1,2.352
8.11,2.322
8.12,2.395
8.13,2.347
8.14,2.23
8.15,2.28
8.16,2.285
8.17,2.326
8.18,2.403
8.19,2.466
8.2,2.313
8.21,2.422
8.22,2.388
8.23,2.331
8.24,2.431
8.25,2.405
8.26,2.375
8.27,2.355
8.28,2.416
8.29,2.459
8.3,2.326
8.31,2.34
8.32,2.4
8.33,2.38
8.34,2.327
8.35,2.47
8.36,2.303
8.37,2.276
8.38,2.311
8.39,2.405
8.4,2.32
8.41,2.295
8.42,2.34
8.43,2.411
8.44,2.347
8.45,2.386
8.46,2.36
8.47,2.33
8.48,2.319
8.49,2.338
8.5,2.361
8.51,2.211
8.52,2.273
8.53,2.319
8.54,2.311
8.55,2.284
8.56,2.404
8.57,2.305
8.58,2.348
8.59,2.388
8.6,2.254
8.61,2.346
8.62,2.393
8.63,2.343
8.64,2.27
8.65,2.427
8.66,2.315
8.67,2.314
8.68,2.298
8.69,2.323
8.7,2.301
8.71,2.39
8.72,2.387
8.73,2.355
8.74,2.258
8.75,2.254
8.76,2.354
8.77,2.305
8.78,2.387
8.79,2.327
8.8,2.397
8.81,2.26
8.82,2.274
8.83,2.26
8.84,2.271
8.85,2.341
8.86,2.331
8.87,2.358
8.88,2.324
8.89,2.307
8.9,2.259
8.91,2.334
8.92,2.278
8.93,2.314
8.94,2.329
8.95,2.359
8.96,2.292
8.97,2.328
8.98,2.273
8.99,2.309
9,2.333
9.01,2.408
9.02,2.377
9.03,2.285
9.04,2.251
9.05,2.215
9.06,2.365
9.07,2.299
9.08,2.267
9.09,2.302
9.1,2.273
9.11,2.292
9.12,2.223
9.13,2.282
9.14,2.417
9.15,2.241
9.16,2.316
9.17,2.245
9.18,2.345
9.19,2.343
9.2,2.271
9.21,2.336
9.22,2.261
9.23,2.285
9.24,2.279
9.25,2.248
9.26,2.303
9.27,2.264
9.28,2.251
9.29,2.326
9.3,2.325
9.31,2.331
9.32,2.351
9.33,2.315
9.34,2.323
9.35,2.331
9.36,2.238
9.37,2.316
9.38,2.265
9.39,2.311
9.4,2.238
9.41,2.239
9.42,2.227
9.43,2.303
9.44,2.224
9.45,2.37
9.46,2.271
9.47,2.356
9.48,2.189
9.49,2.312
9.5,2.24
9.51,2.303
9.52,2.25
9.53,2.332
9.54,2.244
9.55,2.257
9.56,2.299
9.57,2.215
9.58,2.282
9.59,2.31
9.6,2.351
9.61,2.212
9.62,2.268
9.63,2.238
9.64,2.239
9.65,2.345
9.66,2.235
9.67,2.247
9.68,2.205
9.69,2.247
9.7,2.267
9.71,2.331
9.72,2.249
9.73,2.154
9.74,2.273
9.75,2.267
9.76,2.213
9.77,2.335
9.78,2.244
9.79,2.287
9.8,2.266
9.81,2.234
9.82,2.293
9.83,2.28
9.84,2.22
9.85,2.271
9.86,2.208
9.87,2.265
9.88,2.157
9.89,2.29
9.9,2.21
9.91,2.251
9.92,2.281
9.93,2.258
9.94,2.344
9.95,2.214
9.96,2.223
9.97,2.262
9.98,2.303
9.99,2.171
10,2.268
10.01,2.335
10.02,2.259
10.03,2.227
10.04,2.264
10.05,2.207
10.06,2.228
10.07,2.245
10.08,2.231
10.09,2.277
10.1,2.266
10.11,2.276
10.12,2.218
10.13,2.237
10.14,2.217
10.15,2.231
10.16,2.233
10.17,2.223
10.18,2.198
10.19,2.242
10.2,2.16
10.21,2.28
10.22,2.243
10.23,2.251
10.24,2.212
10.25,2.168
10.26,2.213
10.27,2.342
10.28,2.19
10.29,2.223
10.3,2.239
10.31,2.197
10.32,2.17
10.33,2.162
10.34,2.239
10.35,2.292
10.36,2.275
10.37,2.271
10.38,2.295
10.39,2.215
10.4,2.232
10.41,2.245
10.42,2.213
10.43,2.254
10.44,2.212
10.45,2.165
10.46,2.272
10.47,2.28
10.48,2.18
10.49,2.242
10.5,2.182
10.51,2.159
10.52,2.189
10.53,2.247
10.54,2.181
10.55,2.255
10.56,2.207
10.57,2.202
10.58,2.141
10.59,2.195
10.6,2.26
10.61,2.223
10.62,2.214
10.63,2.106
10.64,2.277
10.65,2.237
10.66,2.129
10.67,2.27
10.68,2.292
10.69,2.164
10.7,2.131
10.71,2.199
10.72,2.226
10.73,2.25
10.74,2.257
10.75,2.159
10.76,2.257
10.77,2.163
10.78,2.146
10.79,2.216
10.8,2.272
10.81,2.286
10.82,2.138
10.83,2.292
10.84,2.177
10.85,2.22
10.86,2.204
10.87,2.206
10.88,2.192
10.89,2.268
10.9,2.118
10.91,2.192
10.92,2.234
10.93,2.163
10.94,2.252
10.95,2.208
10.96,2.132
10.97,2.128
10.98,2.241
10.99,2.108
11,2.228
11.01,2.194
11.02,2.21
11.03,2.158
11.04,2.183
11.05,2.268
11.06,2.228
11.07,2.16
11.08,2.197
11.09,2.2
11.1,2.243
11.11,2.179
11.12,2.277
11.13,2.11
11.14,2.196
11.15,2.184
11.16,2.159
11.17,2.18
11.18,2.206
11.19,2.22
11.2,2.133
11.21,2.17
11.22,2.185
11.23,2.172
11.24,2.218
11.25,2.098
11.26,2.198
11.27,2.124
11.28,2.141
11.29,2.178
11.3,2.204
11.31,2.165
11.32,2.294
11.33,2.269
11.34,2.241
11.35,2.203
11.36,2.133
11.37,2.136
11.38,2.197
11.39,2.184
11.4,2.186
11.41,2.174
11.42,2.268
11.43,2.156
11.44,2.145
11.45,2.186
11.46,2.137
11.47,2.14
11.48,2.111
11.49,2.117
11.5,2.197
11.51,2.208
11.52,2.142
11.53,2.213
11.54,2.193
11.55,2.146
11.56,2.16
11.57,2.216
11.58,2.163
11.59,2.241
11.6,2.233
11.61,2.15
11.62,2.195
11.63,2.098
11.64,2.135
11.65,2.148
11.66,2.303
11.67,2.122
11.68,2.233
11.69,2.072
11.7,2.24
11.71,2.102
11.72,2.242
11.73,2.171
11.74,2.117
11.75,2.266
11.76,2.129
11.77,2.168
11.78,2.153
11.79,2.186
11.8,2.17
11.81,2.182
11.82,2.254
11.83,2.172
11.84,2.124
11.85,2.167
11.86,2.208
11.87,2.174
11.88,2.149
11.89,2.173
11.9,2.152
11.91,2.048
11.92,2.106
11.93,2.165
11.94,2.17
11.95,2.112
11.96,2.094
11.97,2.094
11.98,2.193
11.99,2.146
12,2.154
12.01,2.185
12.02,2.193
12.03,2.156
12.04,2.188
12.05,2.162
12.06,2.205
12.07,2.182
12.08,2.164
12.09,2.046
12.1,2.195
12.11,2.176
12.12,2.161
12.13,2.153
12.14,2.081
12.15,2.139
12.16,2.201
12.17,2.197
12.18,2.136
12.19,2.094
12.2,2.137
12.21,2.101
12.22,2.064
12.23,2.101
12.24,2.146
12.25,2.141
12.26,2.24
12.27,2.181
12.28,2.23
12.29,2.163
12.3,2.117
12.31,2.235
12.32,2.173
12.33,2.143
12.34,2.155
12.35,2.12
12.36,2.225
12.37,2.066
12.38,2.082
12.39,2.184
12.4,2.099
12.41,2.103
12.42,2.15
12.43,2.153
12.44,2.125
12.45,2.121
12.46,2.161
12.47,2.069
12.48,2.148
12.49,2.158
12.5,2.069
12.51,2.177
12.52,2.072
12.53,2.111
12.54,2.132
12.55,2.201
12.56,2.201
12.57,2.175
12.58,2.129
12.59,2.191
12.6,2.123
12.61,2.11
12.62,2.108
12.63,2.193
12.64,2.083
12.65,2.134
12.66,2.165
12.67,2.149
12.68,2.17
12.69,2.168
12.7,2.083
12.71,2.229
12.72,2.073
12.73,2.229
12.74,2.11
12.75,2.15
12.76,2.086
12.77,2.105
12.78,2.093
12.79,2.121
12.8,2.123
12.81,2.166
12.82,2.13
12.83,2.088
12.84,2.15
12.85,2.128
12.86,2.096
12.87,2.057
12.88,2.136
12.89,2.1
12.9,2.205
12.91,2.119
12.92,2.12
12.93,2.138
12.94,2.088
12.95,2.16
12.96,2.087
12.97,2.098
12.98,2.232
12.99,2.101
13,2.097
13.01,2.054
13.02,2.179
13.03,2.119
13.04,2.207
13.05,2.133
13.06,2.156
13.07,2.106
13.08,2.072
13.09,2.113
13.1,2.154
13.11,2.165
13.12,2.026
13.13,2.157
13.14,2.13
13.15,2.137
13.16,2.048
13.17,2.138
13.18,2.094
13.19,2.169
13.2,2.147
13.21,2.174
13.22,2.196
13.23,2.172
13.24,2.106
13.25,2.067
13.26,2.121
13.27,2.09
13.28,2.172
13.29,2.137
13.3,2.213
13.31,2.091
13.32,2.038
13.33,2.099
13.34,2.206
13.35,2.124
13.36,2.076
13.37,2.125
13.38,2.161
13.39,2.144
13.4,2.079
13.41,2.085
13.42,2.141
13.43,2.009
13.44,2.022
13.45,2.037
13.46,2.115
13.47,2.179
13.48,2.079
13.49,2.158
13.5,2.044
13.51,2.061
13.52,2.061
13.53,2.092
13.54,2.154
13.55,2.157
13.56,2.101
13.57,2.072
13.58,2.143
13.59,2.127
13.6,2.034
13.61,2.105
13.62,2.146
13.63,2.17
13.64,2.171
13.65,2.123
13.66,2.036
13.67,2.124
13.68,2.114
13.69,2.068
13.7,2.101
13.71,2.1
13.72,2.202
13.73,2.121
13.74,2.145
13.75,2.148
13.76,2.133
13.77,2.057
13.78,2.118
13.79,2.029
13.8,2.087
13.81,2.106
13.82,2.121
13.83,2.092
13.84,2.059
13.85,2.1
13.86,2.155
13.87,2.111
13.88,2.122
13.89,2.045
13.9,2.114
13.91,2.053
13.92,2.093
13.93,2.052
13.94,2.201
13.95,2.179
13.96,2.024
13.97,2.082
13.98,2.109
13.99,2.174
14,2.105
14.01,2.119
14.02,2.078
14.03,2.022
14.04,2.122
14.05,2.08
14.06,2.054
14.07,2.058
14.08,2.087
14.09,2.164
14.1,2.052
14.11,2.059
14.12,2.125
14.13,2.098
14.14,2.079
14.15,2.161
14.16,2.091
14.17,2.05
14.18,2.073
14.19,2.03
14.2,2.116
14.21,2.124
14.22,2.05
14.23,2.099
14.24,2.152
14.25,2.124
14.26,2.136
14.27,2.189
14.28,2.054
14.29,2.082
14.3,2.085
14.31,2.08
14.32,2.03
14.33,2.065
14.34,2.162
14.35,2.117
14.36,2.105
14.37,2.085
14.38,2.116
14.39,2.016
14.4,1.975
14.41,2.055
14.42,2.1
14.43,2.06
14.44,2.097
14.45,2.125
14.46,2.164
14.47,2.09
14.48,2.104
14.49,2.062
14.5,2.051
14.51,2.11
14.52,2.179
14.53,2.084
14.54,2.102
14.55,2.107
14.56,2.148
14.57,2.012
14.58,2.05
14.59,2.155
14.6,2.064
14.61,2.006
14.62,2.031
14.63,2.08
14.64,2.049
14.65,2.086
14.66,2.094
14.67,2.151
14.68,2.155
14.69,2.01
14.7,2.031
14.71,2.151
14.72,2.07
14.73,2.141
14.74,2.057
14.75,2.103
14.76,2.127
14.77,2.046
14.78,2.036
14.79,2.057
14.8,2.067
14.81,2.123
14.82,2.056
14.83,2.119
14.84,2.069
14.85,2.046
14.86,2.078
14.87,2.077
14.88,2.027
14.89,2.102
14.9,2.08
14.91,2.088
14.92,2.05
14.93,2.019
14.94,2.037
14.95,2.114
14.96,2.102
14.97,2.062
14.98,2.099
14.99,2.139
15,2.059
15.01,2.086
15.02,2.149
15.03,2.087
15.04,2.105
15.05,1.988
15.06,2.031
15.07,2.028
15.08,2.053
15.09,2.061
15.1,2.121
15.11,2.106
15.12,2.062
15.13,2.05
15.14,2.068
15.15,2.1
15.16,2.082
15.17,2.101
15.18,2.049
15.19,2.07
15.2,2.16
15.21,2.04
15.22,1.963
15.23,2.117
15.24,2.095
15.25,2.056
15.26,2.061
15.27,2.049
15.28,2.098
15.29,2.071
15.3,2.042
15.31,2.023
15.32,2.084
15.33,2.106
15.34,2.202
15.35,2.075
15.36,2.073
15.37,1.971
15.38,2.106
15.39,1.969
15.4,2.112
15.41,2.132
15.42,2.091
15.43,2.092
15.44,2.113
15.45,2.038
15.46,2.015
15.47,1.994
15.48,1.972
15.49,2.006
15.5,2.019
15.51,2
15.52,2.118
15.53,2.062
15.54,2.039
15.55,2.063
15.56,2.064
15.57,2.16
15.58,2.059
15.59,2.12
15.6,2.084
15.61,2.051
15.62,1.974
15.63,2.101
15.64,2.061
15.65,2.028
15.66,2.131
15.67,2.018
15.68,2.147
15.69,2.076
15.7,1.992
15.71,2.089
15.72,2.062
15.73,2.09
15.74,2.078
15.75,2.061
15.76,2.083
15.77,2.06
15.78,2.127
15.79,2.01
15.8,2.051
15.81,2.105
15.82,2.022
15.83,2.055
15.84,2.112
15.85,2.024
15.86,2.057
15.87,1.97
15.88,2.096
15.89,2.038
15.9,2.074
15.91,2.011
15.92,2.1
15.93,2.109
15.94,2.013
15.95,2.026
15.96,2.03
15.97,2.052
15.98,2.059
15.99,2.012
16,2.058
16.01,2.007
16.02,2.027
16.03,2.103
16.04,2.037
16.05,2.092
16.06,2.033
16.07,2.165
16.08,2.081
16.09,2.028
16.1,2.109
16.11,2.028
16.12,2.075
16.13,2.107
16.14,2.035
16.15,2.051
16.16,2.103
16.17,2.081
16.18,2.012
16.19,2.09
16.2,2.071
16.21,2.066
16.22,2.078
16.23,2.044
16.24,1.996
16.25,2.016
16.26,2.06
16.27,2.014
16.28,2.119
16.29,1.958
16.3,2.066
16.31,2.086
16.32,2.011
16.33,1.961
16.34,1.95
16.35,2.028
16.36,2.128
16.37,2.047
16.38,2.02
16.39,2.146
16.4,2.111
16.41,2.083
16.42,1.978
16.43,2.038
16.44,2.024
16.45,2.09
16.46,2.018
16.47,2.056
16.48,2.045
16.49,1.978
16.5,2.077
16.51,2.058
16.52,2.03
16.53,2.117
16.54,1.99
16.55,2.074
16.56,2.025
16.57,2.067
16.58,2.004
16.59,2.102
16.6,1.999
16.61,2.077
16.62,2.091
16.63,2.07
16.64,2.012
16.65,2.044
16.66,2.066
16.67,2.03
16.68,2.11
16.69,2.051
16.7,2.045
16.71,2.049
16.72,2
16.73,2.022
16.74,2.06
16.75,2.105
16.76,2.038
16.77,2.025
16.78,2.056
16.79,2.041
16.8,2.004
16.81,2.051
16.82,2.027
16.83,2.085
16.84,1.946
16.85,2.012
16.86,2.003
16.87,2.023
16.88,2.049
16.89,2.097
16.9,2.071
16.91,2.077
16.92,2.019
16.93,2.091
16.94,1.933
16.95,2.057
16.96,2.087
16.97,2.039
16.98,2.028
16.99,2.067
17,2.148
17.01,2.066
17.02,1.998
17.03,2.067
17.04,2.113
17.05,2.037
17.06,2.028
17.07,1.986
17.08,2.004
17.09,2.121
17.1,2.066
17.11,1.965
17.12,2.037
17.13,2.14
17.14,2.025
17.15,2.007
17.16,1.991
17.17,2.083
17.18,2.031
17.19,2.013
17.2,1.943
17.21,2.062
17.22,2.09
17.23,1.988
17.24,1.986
17.25,2.13
17.26,2.028
17.27,2.077
17.28,2.011
17.29,2.055
17.3,1.948
17.31,2.102
17.32,2.037
17.33,2.008
17.34,2.09
17.35,2.093
17.36,2.048
17.37,2.043
17.38,2.013
17.39,2.07
17.4,1.986
17.41,2.042
17.42,2.026
17.43,2.027
17.44,2.051
17.45,2.082
17.46,2.041
17.47,2.046
17.48,2.039
17.49,1.964
17.5,1.936
17.51,1.99
17.52,1.941
17.53,1.99
17.54,2.064
17.55,2.03
17.56,2.026
17.57,2.052
17.58,2.05
17.59,2.064
17.6,2.031
17.61,2.009
17.62,2.025
17.63,2.068
17.64,2.059
17.65,2.062
17.66,2.083
17.67,1.958
17.68,2.016
17.69,2.04
17.7,2.065
17.71,2.004
17.72,2.066
17.73,2.112
17.74,2.005
17.75,2.012
17.76,2.028
17.77,2.125
17.78,2.059
17.79,2.005
17.8,2.019
17.81,1.978
17.82,2.029
17.83,2.034
17.84,1.995
17.85,2.025
17.86,1.943
17.87,2.002
17.88,2.074
17.89,2.018
17.9,2.085
17.91,2.033
17.92,2.062
17.93,2.055
17.94,1.919
17.95,2.021
17.96,2.034
17.97,2.132
17.98,2.066
17.99,2.055
18,2.083
18.01,1.992
18.02,1.988
18.03,2.023
18.04,2.036
18.05,2.046
18.06,2.044
18.07,2.097
18.08,1.987
18.09,1.946
18.1,2.005
18.11,1.991
18.12,2.03
18.13,1.977
18.14,2.059
18.15,2.056
18.16,2.025
18.17,2.118
18.18,2.007
18.19,1.952
18.2,2.04
18.21,2.066
18.22,2.039
18.23,1.987
18.24,2.002
18.25,2.074
18.26,2.026
18.27,1.974
18.28,1.986
18.29,1.991
18.3,2.052
18.31,2.026
18.32,1.989
18.33,2.095
18.34,2.033
18.35,2.062
18.36,2.024
18.37,1.993
18.38,2.079
18.39,2.087
18.4,2.131
18.41,1.965
18.42,2.03
18.43,2.032
18.44,2.039
18.45,2.078
18.46,2.012
18.47,1.962
18.48,2.01
18.49,2.011
18.5,2.078
18.51,2.015
18.52,1.987
18.53,2.089
18.54,2.047
18.55,2.014
18.56,2.006
18.57,2.045
18.58,1.962
18.59,2.039
18.6,1.959
18.61,2.031
18.62,2.068
18.63,2.071
18.64,1.932
18.65,1.986
18.66,2.028
18.67,1.935
18.68,2.016
18.69,1.965
18.7,2.01
18.71,2.065
18.72,2.037
18.73,2.059
18.74,2.018
18.75,1.999
18.76,2.005
18.77,1.985
18.78,2.007
18.79,2.052
18.8,2.077
18.81,1.967
18.82,2.058
18.83,1.973
18.84,1.984
18.85,2.047
18.86,1.984
18.87,2.021
18.88,2.03
18.89,2.036
18.9,2.068
18.91,1.97
18.92,2.145
18.93,1.927
18.94,2.089
18.95,2.007
18.96,2.011
18.97,2.015
18.98,1.98
18.99,1.986
19,2.048
19.01,2.029
19.02,2.033
19.03,2.078
19.04,2.051
19.05,2.043
19.06,1.927
19.07,1.962
19.08,1.988
19.09,1.998
19.1,2.052
19.11,2.03
19.12,2.001
19.13,1.996
19.14,2.091
19.15,2.002
19.16,2.076
19.17,2.052
19.18,2.059
19.19,1.992
19.2,1.981
19.21,1.989
19.22,2.012
19.23,2.09
19.24,1.92
19.25,2.048
19.26,2.012
19.27,1.995
19.28,2.033
19.29,2.047
19.3,2.054
19.31,2.006
19.32,1.939
19.33,1.965
19.34,2.019
19.35,2.051
19.36,1.955
19.37,2.022
19.38,1.957
19.39,1.974
19.4,1.991
19.41,2.058
19.42,2.045
19.43,2.025
19.44,2.05
19.45,1.974
19.46,1.975
19.47,1.997
19.48,1.976
19.49,1.953
19.5,2.001
19.51,2.035
19.52,2.015
19.53,2.049
19.54,2.01
19.55,2.106
19.56,2.075
19.57,2.038
19.58,1.93
19.59,1.949
19.6,2.033
19.61,1.954
19.62,2.088
19.63,1.966
19.64,1.949
19.65,2.06
19.66,2.061
19.67,2.003
19.68,1.996
19.69,2.065
19.7,1.983
19.71,1.997
19.72,2.038
19.73,2.064
19.74,2.027
19.75,2.058
19.76,2.027
19.77,1.973
19.78,2.032
19.79,2.022
19.8,2.029
19.81,2.009
19.82,2.003
19.83,2.042
19.84,2.008
19.85,2.026
19.86,2.099
19.87,2
19.88,1.996
19.89,1.981
19.9,1.953
19.91,2.02
19.92,2.018
19.93,2.02
19.94,2.03
19.95,2.024
19.96,1.973
19.97,2.005
19.98,1.977
19.99,1.954
20,2.066
20.01,2.023
20.02,1.921
20.03,2.077
20.04,1.972
20.05,1.96
20.06,2.024
20.07,1.948
20.08,2.017
20.09,2.075
20.1,1.969
20.11,2.097
20.12,1.993
20.13,2.024
20.14,1.943
20.15,2.053
20.16,1.973
20.17,1.958
20.18,2.143
20.19,2.005
20.2,1.978
20.21,1.983
20.22,1.937
20.23,2.105
20.24,2.109
20.25,2.075
20.26,1.977
20.27,1.993
20.28,2.03
20.29,2.076
20.3,2.012
20.31,1.979
20.32,2.042
20.33,1.931
20.34,1.972
20.35,2.013
20.36,2.048
20.37,1.987
20.38,2.039
20.39,1.957
20.4,2.022
20.41,2.035
20.42,2.001
20.43,2.011
20.44,2.011
20.45,2.02
20.46,1.99
20.47,1.995
20.48,1.98
20.49,2.025
20.5,2.061
20.51,2.011
20.52,2.034
20.53,2.004
20.54,1.944
20.55,1.994
20.56,1.99
20.57,2.041
20.58,2.088
20.59,2.045
20.6,1.945
20.61,2.017
20.62,1.949
20.63,1.945
20.64,1.938
20.65,2.037
20.66,1.945
20.67,1.997
20.68,2.047
20.69,1.999
20.7,1.947
20.71,2.037
20.72,1.94
20.73,2.07
20.74,2.013
20.75,2.084
20.76,2.042
20.77,2
20.78,2.043
20.79,1.961
20.8,1.971
20.81,2.035
20.82,2.04
20.83,1.984
20.84,1.883
20.85,2.048
20.86,1.958
20.87,2.025
20.88,1.969
20.89,1.996
20.9,1.954
20.91,2.074
20.92,1.986
20.93,2.029
20.94,1.987
20.95,1.938
20.96,2.082
20.97,2.062
20.98,1.999
20.99,2.023
21,2.07
21.01,2.04
21.02,2.003
21.03,2
21.04,1.988
21.05,1.959
21.06,2.044
21.07,2.04
21.08,1.942
21.09,2.093
21.1,1.946
21.11,2.049
21.12,2.017
21.13,1.975
21.14,2.047
21.15,2.048
21.16,1.981
21.17,2.023
21.18,1.993
21.19,1.938
21.2,1.937
21.21,1.972
21.22,1.993
21.23,1.981
21.24,1.938
21.25,2.049
21.26,2.069
21.27,2.123
21.28,2.081
21.29,1.952
21.3,2.063
21.31,2.017
21.32,2.002
21.33,1.981
21.34,1.999
21.35,1.974
21.36,1.937
21.37,2.01
21.38,2.019
21.39,1.931
21.4,1.982
21.41,2.097
21.42,2.032
21.43,2.017
21.44,2.056
21.45,2.015
21.46,2.059
21.47,2.032
21.48,2.001
21.49,1.986
21.5,1.991
21.51,1.987
21.52,1.968
21.53,1.981
21.54,1.988
21.55,2.019
21.56,2.086
21.57,1.985
21.58,1.995
21.59,2.025
21.6,1.953
21.61,1.981
21.62,1.895
21.63,1.94
21.64,2.017
21.65,1.928
21.66,2.1
21.67,2.035
21.68,1.993
21.69,1.992
21.7,1.96
21.71,2.035
21.72,1.95
21.73,1.906
21.74,2.069
21.75,1.984
21.76,1.95
21.77,2.042
21.78,1.97
21.79,2.011
21.8,1.992
21.81,1.992
21.82,2.052
21.83,2.035
21.84,2.018
21.85,2.073
21.86,1.996
21.87,1.943
21.88,1.965
21.89,1.97
21.9,2.017
21.91,1.923
21.92,2.041
21.93,2.002
21.94,2.096
21.95,2.019
21.96,1.965
21.97,1.969
21.98,1.982
21.99,2.031
22,1.973
22.01,1.96
22.02,2.033
22.03,2.059
22.04,2.035
22.05,1.968
22.06,2.013
22.07,1.946
22.08,1.922
22.09,1.981
22.1,2.009
22.11,2.033
22.12,2.007
22.13,2.045
22.14,2.036
22.15,2.036
22.16,2.021
22.17,2.056
22.18,1.963
22.19,2.03
22.2,2.082
22.21,2.034
22.22,1.877
22.23,2.008
22.24,1.982
22.25,1.938
22.26,2.038
22.27,2.061
22.28,2.025
22.29,2.02
22.3,1.933
22.31,1.999
22.32,2.061
22.33,2.001
22.34,1.938
22.35,2.042
22.36,2.017
22.37,1.968
22.38,1.984
22.39,1.958
22.4,2.072
22.41,2.014
22.42,1.978
22.43,1.947
22.44,1.963
22.45,1.965
22.46,2.067
22.47,1.936
22.48,1.922
22.49,1.987
22.5,1.985
22.51,2.038
22.52,2.056
22.53,1.984
22.54,1.983
22.55,2.052
22.56,2.076
22.57,1.963
22.58,1.973
22.59,2.019
22.6,1.952
22.61,2.01
22.62,2.014
22.63,2.029
22.64,2.024
22.65,2.026
22.66,2.059
22.67,1.954
22.68,2.029
22.69,1.967
22.7,2.002
22.71,1.982
22.72,2.086
22.73,1.941
22.74,2.025
22.75,2.017
22.76,2.046
22.77,2.028
22.78,1.991
22.79,1.994
22.8,1.97
22.81,1.983
22.82,1.905
22.83,1.992
22.84,1.968
22.85,1.99
22.86,1.909
22.87,2.03
22.88,1.965
22.89,2.008
22.9,2.016
22.91,2.006
22.92,1.936
22.93,2.05
22.94,1.975
22.95,1.95
22.96,2.005
22.97,2.002
22.98,1.925
22.99,1.956
23,1.998
23.01,2.028
23.02,1.997
23.03,1.956
23.04,1.971
23.05,1.948
23.06,2.027
23.07,2.013
23.08,1.932
23.09,1.998
23.1,2.03
23.11,2.007
23.12,2.027
23.13,1.987
23.14,2.047
23.15,1.975
23.16,1.956
23.17,1.996
23.18,2.074
23.19,2.04
23.2,2.03
23.21,2.019
23.22,1.944
23.23,2.012
23.24,1.957
23.25,2.008
23.26,1.941
23.27,1.972
23.28,2.05
23.29,2.013
23.3,2.019
23.31,2.001
23.32,2.013
23.33,1.987
23.34,1.971
23.35,1.936
23.36,1.963
23.37,1.923
23.38,1.944
23.39,1.967
23.4,1.914
23.41,1.999
23.42,1.956
23.43,1.934
23.44,1.987
23.45,2.008
23.46,1.975
23.47,2.02
23.48,2.001
23.49,2.084
23.5,1.966
23.51,1.975
23.52,2.048
23.53,1.987
23.54,2.019
23.55,1.989
23.56,1.936
23.57,1.938
23.58,2.017
23.59,2.038
23.6,2.057
23.61,1.945
23.62,2.016
23.63,2.027
23.64,2.024
23.65,2.057
23.66,1.986
23.67,2.005
23.68,1.983
23.69,1.956
23.7,2.035
23.71,1.984
23.72,1.937
23.73,1.939
23.74,2.06
23.75,1.925
23.76,1.969
23.77,1.878
23.78,2.083
23.79,2.007
23.8,2.061
23.81,1.989
23.82,1.982
23.83,1.955
23.84,2.003
23.85,1.981
23.86,2.031
23.87,2.02
23.88,1.918
23.89,2.057
23.9,1.975
23.91,1.997
23.92,2.031
23.93,1.973
23.94,1.993
23.95,1.94
23.96,2.049
23.97,1.979
23.98,1.908
23.99,2.024
24,2.039
24.01,2.032
24.02,1.972
24.03,2.018
24.04,2.004
24.05,1.938
24.06,1.983
24.07,1.978
24.08,2.022
24.09,2.021
24.1,2.076
24.11,1.98
24.12,1.916
24.13,1.957
24.14,2.021
24.15,2.017
24.16,1.995
24.17,1.957
24.18,1.975
24.19,2.001
24.2,1.978
24.21,1.981
24.22,2.045
24.23,1.911
24.24,1.972
24.25,1.996
24.26,1.95
24.27,2.03
24.28,2.022
24.29,1.952
24.3,1.975
24.31,2.037
24.32,1.956
24.33,2.064
24.34,2.085
24.35,2.041
24.36,1.955
24.37,2.004
24.38,1.94
24.39,1.989
24.4,2.011
24.41,1.906
24.42,2.015
24.43,2.018
24.44,2.001
24.45,1.909
24.46,2.019
24.47,2.019
24.48,1.988
24.49,2
24.5,2.07
24.51,1.937
24.52,1.963
24.53,1.918
24.54,2.015
24.55,1.952
24.56,1.984
24.57,1.997
24.58,1.969
24.59,1.987
24.6,2.009
24.61,1.933
24.62,1.884
24.63,1.911
24.64,2.011
24.65,2.065
24.66,1.949
24.67,2.026
24.68,2.029
24.69,2.02
24.7,2.008
24.71,1.978
24.72,1.954
24.73,1.993
24.74,1.997
24.75,2.012
24.76,2.05
24.77,1.983
24.78,1.965
24.79,1.965
24.8,1.996
24.81,2.03
24.82,1.939
24.83,1.985
24.84,2.05
24.85,2.005
24.86,2.03
24.87,1.952
24.88,1.987
24.89,2.03
24.9,1.98
24.91,1.989
24.92,1.953
24.93,2.019
24.94,1.979
24.95,2.002
24.96,1.981
24.97,2.061
24.98,2.016
24.99,1.921
25,1.95
25.01,1.998
25.02,1.98
25.03,1.974
25.04,1.964
25.05,2.001
25.06,2.021
25.07,1.942
25.08,1.98
25.09,1.966
25.1,1.977
25.11,1.953
25.12,2.021
25.13,1.993
25.14,1.991
25.15,1.972
25.16,2.004
25.17,1.983
25.18,1.995
25.19,2.048
25.2,1.982
25.21,1.989
25.22,2.048
25.23,1.899
25.24,2.03
25.25,2.006
25.26,1.926
25.27,1.943
25.28,1.935
25.29,2.004
25.3,1.993
25.31,1.979
25.32,2.002
25.33,2.071
25.34,1.936
25.35,1.951
25.36,2.041
25.37,2.088
25.38,2.022
25.39,1.964
25.4,1.927
25.41,1.979
25.42,1.947
25.43,2.029
25.44,1.934
25.45,1.966
25.46,2.03
25.47,1.984
25.48,1.926
25.49,1.924
25.5,1.986
25.51,2.038
25.52,2.002
25.53,1.92
25.54,1.893
25.55,2.042
25.56,2.001
25.57,1.981
25.58,2.057
25.59,1.944
25.6,1.932
25.61,1.996
25.62,1.996
25.63,1.962
25.64,1.937
25.65,1.977
25.66,2.052
25.67,2.002
25.68,1.955
25.69,2.02
25.7,1.987
25.71,1.984
25.72,2.04
25.73,1.983
25.74,1.972
25.75,1.948
25.76,2.063
25.77,1.96
25.78,1.996
25.79,1.952
25.8,2.015
25.81,1.991
25.82,1.976
25.83,2.068
25.84,1.946
25.85,1.975
25.86,1.903
25.87,2.021
25.88,1.971
25.89,2.048
25.9,2.059
25.91,2.052
25.92,1.952
25.93,2.006
25.94,1.962
25.95,2.057
25.96,2.06
25.97,1.988
25.98,1.964
25.99,1.957
26,1.902
26.01,1.958
26.02,1.973
26.03,1.951
26.04,1.985
26.05,1.998
26.06,2.005
26.07,1.902
26.08,1.945
26.09,2.003
26.1,1.991
26.11,1.977
26.12,1.969
26.13,2.022
26.14,1.942
26.15,2.004
26.16,2.024
26.17,1.98
26.18,1.978
26.19,1.924
26.2,2.019
26.21,1.944
26.22,2.002
26.23,1.982
26.24,1.99
26.25,2.001
26.26,1.982
26.27,1.915
26.28,1.94
26.29,2.04
26.3,1.922
26.31,1.933
26.32,2.091
26.33,1.916
26.34,1.95
26.35,1.967
26.36,2.028
26.37,2.008
26.38,1.98
26.39,1.907
26.4,1.997
26.41,2.016
26.42,1.947
26.43,2.049
26.44,2.039
26.45,2.058
26.46,1.947
26.47,1.976
26.48,1.93
26.49,1.974
26.5,1.968
26.51,2.094
26.52,1.975
26.53,2.042
26.54,2.094
26.55,1.97
26.56,1.976
26.57,2.025
26.58,1.91
26.59,2.017
26.6,1.964
26.61,1.895
26.62,1.948
26.63,1.913
26.64,1.965
26.65,2.008
26.66,1.892
26.67,1.986
26.68,1.935
26.69,1.996
26.7,1.968
26.71,2.058
26.72,1.946
26.73,1.988
26.74,2.005
26.75,1.978
26.76,1.909
26.77,2.008
26.78,1.891
26.79,1.973
26.8,1.981
26.81,1.994
26.82,1.972
26.83,1.949
26.84,1.924
26.85,1.986
26.86,1.873
26.87,1.982
26.88,2.037
26.89,1.975
26.9,2.056
26.91,1.997
26.92,2.017
26.93,1.973
26.94,1.926
26.95,2.032
26.96,2.068
26.97,1.941
26.98,2.071
26.99,1.983
27,1.949
27.01,2.002
27.02,1.972
27.03,1.992
27.04,1.968
27.05,2.078
27.06,1.997
27.07,2.011
27.08,1.981
27.09,2.08
27.1,2.013
27.11,1.917
27.12,2.019
27.13,1.886
27.14,1.959
27.15,1.925
27.16,2.019
27.17,1.959
27.18,2.065
27.19,2.012
27.2,1.946
27.21,1.91
27.22,2.025
27.23,1.919
27.24,1.96
27.25,1.939
27.26,2.006
27.27,2.03
27.28,1.986
27.29,1.955
27.3,2.013
27.31,1.995
27.32,1.891
27.33,1.85
27.34,1.913
27.35,2.031
27.36,2.038
27.37,1.954
27.38,1.967
27.39,1.944
27.4,2.004
27.41,1.985
27.42,1.984
27.43,1.993
27.44,1.957
27.45,1.969
27.46,2.028
27.47,2.009
27.48,2.004
27.49,2.043
27.5,1.995
27.51,2.016
27.52,2.039
27.53,1.937
27.54,1.941
27.55,2.001
27.56,1.958
27.57,2.034
27.58,1.898
27.59,1.942
27.6,1.998
27.61,2.029
27.62,1.915
27.63,1.983
27.64,2.028
27.65,2.016
27.66,2.057
27.67,1.975
27.68,2.028
27.69,1.937
27.7,1.986
27.71,2.028
27.72,1.998
27.73,1.946
27.74,1.965
27.75,1.975
27.76,1.97
27.77,1.956
27.78,1.856
27.79,1.928
27.8,1.953
27.81,1.998
27.82,1.897
27.83,1.996
27.84,1.985
27.85,2.088
27.86,2.063
27.87,1.977
27.88,1.981
27.89,1.99
27.9,1.971
27.91,1.969
27.92,1.99
27.93,1.993
27.94,1.975
27.95,2.042
27.96,2.029
27.97,2
27.98,1.936
27.99,1.983
28,2.019
28.01,1.964
28.02,2.014
28.03,1.973
28.04,1.971
28.05,1.921
28.06,1.973
28.07,2.051
28.08,1.952
28.09,2.069
28.1,1.961
28.11,1.987
28.12,1.931
28.13,1.943
28.14,2.009
28.15,1.917
28.16,1.981
28.17,1.942
28.18,2.007
28.19,2.041
28.2,1.928
28.21,1.949
28.22,1.976
28.23,1.988
28.24,1.984
28.25,1.933
28.26,1.995
28.27,1.967
28.28,1.927
28.29,1.985
28.3,1.94
28.31,1.972
28.32,2.01
28.33,2.014
28.34,2.027
28.35,2.033
28.36,2.041
28.37,1.986
28.38,1.956
28.39,1.979
28.4,1.945
28.41,1.957
28.42,1.993
28.43,2.001
28.44,2.042
28.45,2.035
28.46,2.021
28.47,2.004
28.48,2.005
28.49,1.929
28.5,2.057
28.51,2.043
28.52,2.006
28.53,2.004
28.54,1.894
28.55,2.012
28.56,1.985
28.57,1.898
28.58,1.972
28.59,2.036
28.6,1.962
28.61,1.971
28.62,1.947
28.63,1.95
28.64,1.98
28.65,2.031
28.66,1.866
28.67,1.908
28.68,2
28.69,2.039
28.7,2.014
28.71,2.038
28.72,1.956
28.73,1.92
28.74,1.985
28.75,2.034
28.76,2
28.77,1.942
28.78,1.986
28.79,2.007
28.8,1.984
28.81,1.935
28.82,2.019
28.83,1.977
28.84,1.953
28.85,2.023
28.86,1.928
28.87,2.037
28.88,1.97
28.89,1.948
28.9,1.981
28.91,2.016
28.92,1.985
28.93,2.064
28.94,1.972
28.95,1.956
28.96,1.987
28.97,2.025
28.98,2.014
28.99,2.011
29,1.988
29.01,1.922
29.02,2.033
29.03,1.915
29.04,2.022
29.05,2.011
29.06,2.048
29.07,1.973
29.08,1.94
29.09,2.093
29.1,1.906
29.11,2.012
29.12,1.988
29.13,1.961
29.14,1.93
29.15,1.902
29.16,1.969
29.17,1.948
29.18,1.96
29.19,1.998
29.2,2.051
29.21,1.943
29.22,1.953
29.23,1.935
29.24,1.971
29.25,2
29.26,1.959
29.27,1.934
29.28,1.937
29.29,1.991
29.3,1.908
29.31,2.057
29.32,1.97
29.33,2.006
29.34,2.014
29.35,1.993
29.36,1.905
29.37,2.039
29.38,1.937
29.39,1.849
29.4,1.981
29.41,1.979
29.42,1.973
29.43,1.958
29.44,2.03
29.45,2.044
29.46,2.006
29.47,1.977
29.48,2.005
29.49,2.041
29.5,1.966
29.51,1.946
29.52,2.063
29.53,1.995
29.54,2.043
29.55,2.019
29.56,1.914
29.57,1.967
29.58,2.013
29.59,1.93
29.6,1.951
29.61,2.009
29.62,1.966
29.63,1.879
29.64,1.919
29.65,2.047
29.66,1.934
29.67,1.991
29.68,1.907
29.69,1.938
29.7,1.988
29.71,1.935
29.72,1.991
29.73,2.026
29.74,2.028
29.75,2.047
29.76,2.002
29.77,1.987
29.78,1.965
29.79,2.006
29.8,1.972
29.81,1.989
29.82,1.994
29.83,1.917
29.84,1.99
29.85,1.954
29.86,1.904
29.87,2.026
29.88,1.989
29.89,2.027
29.9,1.982
29.91,1.912
29.92,1.941
29.93,2.102
29.94,1.981
29.95,1.975
29.96,1.885
29.97,1.996
29.98,1.956
29.99,1.981
30,5.069
30.01,6.335
30.02,6.856
30.03,6.788
30.04,6.743
30.05,6.758
30.06,6.585
30.07,6.465
30.08,6.508
30.09,6.162
30.1,6.058
30.11,6.016
30.12,5.837
30.13,5.82
30.14,5.804
30.15,5.862
30.16,5.981
30.17,6.201
30.18,6.253
30.19,6.442
30.2,6.598
30.21,6.495
30.22,6.343
30.23,6.273
30.24,6.447
30.25,6.157
30.26,6.018
30.27,6.123
30.28,5.949
30.29,5.844
30.3,5.975
30.31,5.872
30.32,6.095
30.33,6.256
30.34,6.165
30.35,6.092
30.36,6.313
30.37,6.314
30.38,6.37
30.39,6.27
30.4,6.23
30.41,6.021
30.42,6.065
30.43,5.832
30.44,5.961
30.45,6.056
30.46,6.043
30.47,6.03
30.48,5.801
30.49,6.185
30.5,6.169
30.51,6.147
30.52,6.16
30.53,6.093
30.54,6.089
30.55,6.182
30.56,6.205
30.57,5.909
30.58,5.929
30.59,6.066
30.6,5.964
30.61,5.988
30.62,6.006
30.63,6
30.64,6.03
30.65,6.05
30.66,5.899
30.67,5.988
30.68,6.089
30.69,6.117
30.7,6.09
30.71,6.005
30.72,5.968
30.73,5.893
30.74,5.955
30.75,5.949
30.76,5.975
30.77,6.049
30.78,5.956
30.79,6.028
30.8,5.975
30.81,5.957
30.82,6
30.83,5.859
30.84,5.989
30.85,5.837
30.86,6.013
30.87,5.907
30.88,5.9
30.89,6.018
30.9,5.933
30.91,6.007
30.92,5.852
30.93,5.969
30.94,5.878
30.95,5.855
30.96,5.831
30.97,5.902
30.98,5.778
30.99,6.04
31,6.042
31.01,5.784
31.02,5.876
31.03,5.914
31.04,5.884
31.05,5.93
31.06,5.737
31.07,6.029
31.08,6.063
31.09,5.857
31.1,5.767
31.11,5.846
31.12,5.695
31.13,5.801
31.14,5.827
31.15,5.912
31.16,5.849
31.17,5.808
31.18,5.969
31.19,5.736
31.2,5.868
31.21,5.82
31.22,5.87
31.23,5.899
31.24,5.972
31.25,5.748
31.26,5.828
31.27,5.798
31.28,5.759
31.29,5.741
31.3,5.729
31.31,5.606
31.32,5.814
31.33,5.856
31.34,5.843
31.35,5.777
31.36,5.928
31.37,5.768
31.38,5.681
31.39,5.831
31.4,5.697
31.41,5.777
31.42,5.912
31.43,5.826
31.44,5.677
31.45,5.647
31.46,5.651
31.47,5.807
31.48,5.83
31.49,5.729
31.5,5.823
31.51,5.586
31.52,5.739
31.53,5.672
31.54,5.696
31.55,5.837
31.56,5.73
31.57,5.829
31.58,5.634
31.59,5.635
31.6,5.688
31.61,5.621
31.62,5.833
31.63,5.611
31.64,5.678
31.65,5.857
31.66,5.793
31.67,5.628
31.68,5.584
31.69,5.679
31.7,5.683
31.71,5.764
31.72,5.641
31.73,5.74
31.74,5.626
31.75,5.569
31.76,5.619
31.77,5.625
31.78,5.708
31.79,5.723
31.8,5.647
31.81,5.733
31.82,5.602
31.83,5.588
31.84,5.575
31.85,5.655
31.86,5.481
31.87,5.658
31.88,5.685
31.89,5.632
31.9,5.697
31.91,5.657
31.92,5.527
31.93,5.616
31.94,5.632
31.95,5.69
31.96,5.631
31.97,5.596
31.98,5.557
31.99,5.661
32,5.6
32.01,5.524
32.02,5.583
32.03,5.633
32.04,5.499
32.05,5.447
32.06,5.797
32.07,5.643
32.08,5.674
32.09,5.618
32.1,5.44
32.11,5.469
32.12,5.584
32.13,5.626
32.14,5.521
32.15,5.589
32.16,5.439
32.17,5.612
32.18,5.464
32.19,5.559
32.2,5.46
32.21,5.528
32.22,5.566
32.23,5.486
32.24,5.423
32.25,5.638
32.26,5.537
32.27,5.553
32.28,5.629
32.29,5.546
32.3,5.475
32.31,5.485
32.32,5.48
32.33,5.547
32.34,5.413
32.35,5.536
32.36,5.504
32.37,5.53
32.38,5.493
32.39,5.5
32.4,5.333
32.41,5.492
32.42,5.46
32.43,5.467
32.44,5.636
32.45,5.526
32.46,5.539
32.47,5.422
32.48,5.478
32.49,5.473
32.5,5.378
32.51,5.535
32.52,5.508
32.53,5.451
32.54,5.419
32.55,5.343
32.56,5.436
32.57,5.315
32.58,5.493
32.59,5.419
32.6,5.646
32.61,5.461
32.62,5.403
32.63,5.367
32.64,5.445
32.65,5.515
32.66,5.363
32.67,5.433
32.68,5.38
32.69,5.444
32.7,5.433
32.71,5.444
32.72,5.352
32.73,5.394
32.74,5.335
32.75,5.335
32.76,5.333
32.77,5.445
32.78,5.468
32.79,5.477
32.8,5.354
32.81,5.494
32.82,5.283
32.83,5.386
32.84,5.416
32.85,5.399
32.86,5.458
32.87,5.279
32.88,5.396
32.89,5.441
32.9,5.459
32.91,5.345
32.92,5.365
32.93,5.273
32.94,5.209
32.95,5.374
32.96,5.337
32.97,5.302
32.98,5.368
32.99,5.4
33,5.32
33.01,5.391
33.02,5.226
33.03,5.39
33.04,5.324
33.05,5.367
33.06,5.476
33.07,5.271
33.08,5.22
33.09,5.254
33.1,5.372
33.11,5.438
33.12,5.425
33.13,5.116
33.14,5.32
33.15,5.309
33.16,5.294
33.17,5.226
33.18,5.343
33.19,5.351
33.2,5.272
33.21,5.348
33.22,5.334
33.23,5.363
33.24,5.287
33.25,5.203
33.26,5.308
33.27,5.243
33.28,5.237
33.29,5.329
33.3,5.256
33.31,5.203
33.32,5.317
33.33,5.28
33.34,5.311
33.35,5.189
33.36,5.287
33.37,5.374
33.38,5.208
33.39,5.352
33.4,5.192
33.41,5.28
33.42,5.266
33.43,5.138
33.44,5.129
33.45,5.306
33.46,5.222
33.47,5.222
33.48,5.231
33.49,5.226
33.5,5.207
33.51,5.283
33.52,5.315
33.53,5.298
33.54,5.191
33.55,5.158
33.56,5.303
33.57,5.359
33.58,5.239
33.59,5.218
33.6,5.259
33.61,5.069
33.62,5.052
33.63,5.189
33.64,5.255
33.65,5.098
33.66,5.249
33.67,5.18
33.68,5.125
33.69,5.224
33.7,5.287
33.71,5.183
33.72,5.152
33.73,5.278
33.74,5.213
33.75,5.247
33.76,5.202
33.77,5.244
33.78,5.166
33.79,5.381
33.8,5.08
33.81,5.139
33.82,5.01
33.83,5.122
33.84,5.185
33.85,5.088
33.86,5.102
33.87,5.057
33.88,5.215
33.89,5.175
33.9,5.225
33.91,5.118
33.92,5.156
33.93,5.274
33.94,5.223
33.95,5.215
33.96,4.998
33.97,5.18
33.98,5.191
33.99,5.136
34,5.128
34.01,5.035
34.02,5.153
34.03,5.161
34.04,5.05
34.05,5.08
34.06,5.147
34.07,5.174
34.08,5.04
34.09,5.194
34.1,5.185
34.11,5.023
34.12,5.123
34.13,5.121
34.14,5.185
34.15,4.983
34.16,5.155
34.17,5.156
34.18,5.021
34.19,5.13
34.2,5.207
34.21,5.18
34.22,5.145
34.23,5.128
34.24,5.042
34.25,5.02
34.26,5.058
34.27,5.101
34.28,5.134
34.29,4.98
34.3,5.031
34.31,5.167
34.32,5.152
34.33,4.993
34.34,4.998
34.35,4.927
34.36,5.135
34.37,5.152
34.38,5.027
34.39,5.061
34.4,4.95
34.41,5.097
34.42,5.14
34.43,5.103
34.44,5.117
34.45,5.028
34.46,5.05
34.47,5.007
34.48,5.149
34.49,5.044
34.5,5.156
34.51,4.964
34.52,5.019
34.53,5.049
34.54,4.956
34.55,5.005
34.56,5.052
34.57,4.992
34.58,5.095
34.59,5.058
34.6,4.857
34.61,5.049
34.62,5.005
34.63,5.131
34.64,4.983
34.65,5.012
34.66,5.035
34.67,5.16
34.68,5.097
34.69,4.969
34.7,5.038
34.71,4.962
34.72,5.092
34.73,5.002
34.74,5
34.75,4.942
34.76,4.91
34.77,4.924
34.78,4.992
34.79,5.072
34.8,4.987
34.81,4.955
34.82,4.947
34.83,5.053
34.84,4.971
34.85,5.028
34.86,5.071
34.87,5.095
34.88,4.933
34.89,5.121
34.9,4.961
34.91,4.913
34.92,4.92
34.93,4.929
34.94,4.904
34.95,4.889
34.96,4.979
34.97,5.016
34.98,5.023
34.99,4.9
35,4.98
35.01,4.891
35.02,4.965
35.03,5.085
35.04,5.01
35.05,4.914
35.06,4.935
35.07,5.001
35.08,5.111
35.09,4.96
35.1,4.825
35.11,4.975
35.12,4.879
35.13,4.904
35.14,4.852
35.15,5.029
35.16,5.047
35.17,4.941
35.18,4.958
35.19,4.796
35.2,4.896
35.21,4.987
35.22,5.069
35.23,4.898
35.24,4.959
35.25,4.831
35.26,4.88
35.27,4.974
35.28,4.896
35.29,4.861
35.3,4.93
35.31,4.921
35.32,4.914
35.33,4.898
35.34,4.996
35.35,4.832
35.36,4.951
35.37,4.872
35.38,4.971
35.39,4.926
35.4,4.94
35.41,4.961
35.42,4.935
35.43,4.873
35.44,4.87
35.45,4.968
35.46,4.815
35.47,5.002
35.48,4.911
35.49,4.962
35.5,4.779
35.51,4.806
35.52,4.833
35.53,4.85
35.54,4.933
35.55,4.924
35.56,4.757
35.57,4.83
35.58,4.918
35.59,4.963
35.6,4.853
35.61,4.842
35.62,4.886
35.63,4.911
35.64,4.925
35.65,4.818
35.66,4.982
35.67,4.784
35.68,4.951
35.69,4.933
35.7,4.962
35.71,4.852
35.72,4.85
35.73,4.772
35.74,4.849
35.75,4.74
35.76,4.797
35.77,4.759
35.78,4.78
35.79,4.938
35.8,4.887
35.81,4.869
35.82,4.903
35.83,4.842
35.84,4.885
35.85,4.929
35.86,4.996
35.87,4.78
35.88,4.948
35.89,4.698
35.9,4.91
35.91,4.733
35.92,4.838
35.93,4.789
35.94,4.756
35.95,4.93
35.96,4.654
35.97,4.945
35.98,4.766
35.99,4.879
36,4.732
36.01,4.942
36.02,4.803
36.03,4.902
36.04,4.837
36.05,4.981
36.06,4.813
36.07,4.809
36.08,4.731
36.09,4.778
36.1,4.853
36.11,4.878
36.12,4.682
36.13,4.755
36.14,4.743
36.15,4.636
36.16,4.742
36.17,4.852
36.18,4.759
36.19,4.847
36.2,4.787
36.21,4.71
36.22,4.87
36.23,4.927
36.24,4.904
36.25,4.874
36.26,4.785
36.27,4.751
36.28,4.831
36.29,4.776
36.3,4.795
36.31,4.814
36.32,4.73
36.33,4.866
36.34,4.749
36.35,4.703
36.36,4.766
36.37,4.666
36.38,4.773
36.39,4.893
36.4,4.767
36.41,4.861
36.42,4.703
36.43,4.757
36.44,4.812
36.45,4.836
36.46,4.715
36.47,4.85
36.48,4.802
36.49,4.865
36.5,4.751
36.51,4.563
36.52,4.718
36.53,4.806
36.54,4.688
36.55,4.841
36.56,4.735
36.57,4.806
36.58,4.788
36.59,4.729
36.6,4.699
36.61,4.749
36.62,4.645
36.63,4.762
36.64,4.697
36.65,4.775
36.66,4.741
36.67,4.73
36.68,4.826
36.69,4.735
36.7,4.771
36.71,4.825
36.72,4.663
36.73,4.71
36.74,4.763
36.75,4.749
36.76,4.773
36.77,4.722
36.78,4.767
36.79,4.78
36.8,4.731
36.81,4.671
36.82,4.647
36.83,4.601
36.84,4.824
36.85,4.662
36.86,4.865
36.87,4.837
36.88,4.715
36.89,4.79
36.9,4.837
36.91,4.711
36.92,4.643
36.93,4.561
36.94,4.767
36.95,4.797
36.96,4.616
36.97,4.741
36.98,4.748
36.99,4.822
37,4.696
37.01,4.715
37.02,4.7
37.03,4.627
37.04,4.676
37.05,4.668
37.06,4.782
37.07,4.733
37.08,4.776
37.09,4.683
37.1,4.796
37.11,4.732
37.12,4.661
37.13,4.504
37.14,4.583
37.15,4.658
37.16,4.771
37.17,4.712
37.18,4.735
37.19,4.696
37.2,4.775
37.21,4.705
37.22,4.709
37.23,4.618
37.24,4.581
37.25,4.719
37.26,4.69
37.27,4.757
37.28,4.672
37.29,4.65
37.3,4.84
37.31,4.639
37.32,4.713
37.33,4.654
37.34,4.561
37.35,4.595
37.36,4.598
37.37,4.747
37.38,4.814
37.39,4.769
37.4,4.604
37.41,4.605
37.42,4.708
37.43,4.639
37.44,4.643
37.45,4.643
37.46,4.649
37.47,4.718
37.48,4.768
37.49,4.707
37.5,4.68
37.51,4.754
37.52,4.755
37.53,4.56
37.54,4.646
37.55,4.664
37.56,4.69
37.57,4.744
37.58,4.687
37.59,4.541
37.6,4.595
37.61,4.604
37.62,4.576
37.63,4.673
37.64,4.529
37.65,4.53
37.66,4.68
37.67,4.748
37.68,4.761
37.69,4.572
37.7,4.704
37.71,4.706
37.72,4.685
37.73,4.573
37.74,4.563
37.75,4.648
37.76,4.615
37.77,4.683
37.78,4.711
37.79,4.561
37.8,4.758
37.81,4.662
37.82,4.531
37.83,4.716
37.84,4.639
37.85,4.523
37.86,4.671
37.87,4.463
37.88,4.615
37.89,4.633
37.9,4.639
37.91,4.618
37.92,4.684
37.93,4.611
37.94,4.6
37.95,4.664
37.96,4.621
37.97,4.619
37.98,4.649
37.99,4.629
38,4.577
38.01,4.565
38.02,4.706
38.03,4.595
38.04,4.607
38.05,4.628
38.06,4.508
38.07,4.646
38.08,4.526
38.09,4.69
38.1,4.52
38.11,4.641
38.12,4.589
38.13,4.575
38.14,4.71
38.15,4.609
38.16,4.735
38.17,4.58
38.18,4.685
38.19,4.473
38.2,4.594
38.21,4.653
38.22,4.609
38.23,4.458
38.24,4.652
38.25,4.515
38.26,4.63
38.27,4.519
38.28,4.565
38.29,4.527
38.3,4.707
38.31,4.575
38.32,4.535
38.33,4.549
38.34,4.722
38.35,4.618
38.36,4.607
38.37,4.561
38.38,4.691
38.39,4.464
38.4,4.499
38.41,4.657
38.42,4.635
38.43,4.666
38.44,4.491
38.45,4.435
38.46,4.576
38.47,4.624
38.48,4.566
38.49,4.558
38.5,4.575
38.51,4.647
38.52,4.566
38.53,4.442
38.54,4.58
38.55,4.651
38.56,4.632
38.57,4.559
38.58,4.591
38.59,4.606
38.6,4.521
38.61,4.584
38.62,4.579
38.63,4.431
38.64,4.481
38.65,4.565
38.66,4.665
38.67,4.694
38.68,4.521
38.69,4.493
38.7,4.489
38.71,4.698
38.72,4.47
38.73,4.569
38.74,4.556
38.75,4.571
38.76,4.519
38.77,4.559
38.78,4.641
38.79,4.49
38.8,4.534
38.81,4.591
38.82,4.617
38.83,4.469
38.84,4.538
38.85,4.536
38.86,4.486
38.87,4.497
38.88,4.627
38.89,4.576
38.9,4.479
38.91,4.46
38.92,4.577
38.93,4.613
38.94,4.599
38.95,4.54
38.96,4.555
38.97,4.546
38.98,4.554
38.99,4.531
39,4.512
39.01,4.561
39.02,4.488
39.03,4.61
39.04,4.505
39.05,4.594
39.06,4.444
39.07,4.487
39.08,4.482
39.09,4.572
39.1,4.536
39.11,4.634
39.12,4.682
39.13,4.464
39.14,4.476
39.15,4.526
39.16,4.476
39.17,4.485
39.18,4.548
39.19,4.605
39.2,4.574
39.21,4.525
39.22,4.426
39.23,4.539
39.24,4.571
39.25,4.445
39.26,4.472
39.27,4.533
39.28,4.545
39.29,4.586
39.3,4.52
39.31,4.613
39.32,4.49
39.33,4.519
39.34,4.644
39.35,4.428
39.36,4.532
39.37,4.537
39.38,4.501
39.39,4.548
39.4,4.413
39.41,4.294
39.42,4.627
39.43,4.467
39.44,4.508
39.45,4.609
39.46,4.425
39.47,4.53
39.48,4.459
39.49,4.486
39.5,4.517
39.51,4.544
39.52,4.496
39.53,4.588
39.54,4.585
39.55,4.53
39.56,4.432
39.57,4.48
39.58,4.499
39.59,4.475
39.6,4.604
39.61,4.484
39.62,4.465
39.63,4.346
39.64,4.565
39.65,4.564
39.66,4.466
39.67,4.467
39.68,4.442
39.69,4.571
39.7,4.486
39.71,4.519
39.72,4.411
39.73,4.581
39.74,4.57
39.75,4.444
39.76,4.528
39.77,4.522
39.78,4.433
39.79,4.284
39.8,4.479
39.81,4.57
39.82,4.46
39.83,4.404
39.84,4.652
39.85,4.333
39.86,4.494
39.87,4.503
39.88,4.548
39.89,4.476
39.9,4.513
39.91,4.579
39.92,4.456
39.93,4.485
39.94,4.374
39.95,4.624
39.96,4.51
39.97,4.481
39.98,4.553
39.99,4.389
40,4.412
40.01,4.481
40.02,4.456
40.03,4.588
40.04,4.557
40.05,4.425
40.06,4.493
40.07,4.466
40.08,4.383
40.09,4.481
40.1,4.563
40.11,4.386
40.12,4.386
40.13,4.455
40.14,4.411
40.15,4.45
40.16,4.484
40.17,4.442
40.18,4.399
40.19,4.547
40.2,4.484
40.21,4.433
40.22,4.474
40.23,4.469
40.24,4.405
40.25,4.53
40.26,4.461
40.27,4.474
40.28,4.633
40.29,4.556
40.3,4.46
40.31,4.421
40.32,4.401
40.33,4.397
40.34,4.45
40.35,4.45
40.36,4.41
40.37,4.496
40.38,4.459
40.39,4.504
40.4,4.37
40.41,4.451
40.42,4.464
40.43,4.314
40.44,4.536
40.45,4.463
40.46,4.46
40.47,4.46
40.48,4.584
40.49,4.48
40.5,4.494
40.51,4.315
40.52,4.391
40.53,4.327
40.54,4.535
40.55,4.442
40.56,4.507
40.57,4.431
40.58,4.447
40.59,4.432
40.6,4.382
40.61,4.412
40.62,4.468
40.63,4.579
40.64,4.433
40.65,4.349
40.66,4.421
40.67,4.526
40.68,4.483
40.69,4.44
40.7,4.489
40.71,4.326
40.72,4.42
40.73,4.527
40.74,4.363
40.75,4.478
40.76,4.393
40.77,4.424
40.78,4.395
40.79,4.462
40.8,4.466
40.81,4.451
40.82,4.43
40.83,4.309
40.84,4.463
40.85,4.461
40.86,4.255
40.87,4.461
40.88,4.327
40.89,4.536
40.9,4.519
40.91,4.38
40.92,4.394
40.93,4.446
40.94,4.516
40.95,4.57
40.96,4.378
40.97,4.445
40.98,4.441
40.99,4.365
41,4.481
41.01,4.445
41.02,4.503
41.03,4.398
41.04,4.394
41.05,4.389
41.06,4.363
41.07,4.311
41.08,4.393
41.09,4.534
41.1,4.52
41.11,4.363
41.12,4.376
41.13,4.435
41.14,4.351
41.15,4.37
41.16,4.358
41.17,4.345
41.18,4.4
41.19,4.573
41.2,4.432
41.21,4.399
41.22,4.509
41.23,4.36
41.24,4.372
41.25,4.506
41.26,4.391
41.27,4.397
41.28,4.375
41.29,4.381
41.3,4.385
41.31,4.456
41.32,4.31
41.33,4.374
41.34,4.333
41.35,4.49
41.36,4.31
41.37,4.478
41.38,4.473
41.39,4.412
41.4,4.408
41.41,4.436
41.42,4.337
41.43,4.323
41.44,4.411
41.45,4.484
41.46,4.427
41.47,4.392
41.48,4.412
41.49,4.454
41.5,4.425
41.51,4.388
41.52,4.392
41.53,4.419
41.54,4.397
41.55,4.368
41.56,4.367
41.57,4.312
41.58,4.296
41.59,4.389
41.6,4.389
41.61,4.47
41.62,4.385
41.63,4.324
41.64,4.539
41.65,4.4
41.66,4.534
41.67,4.421
41.68,4.333
41.69,4.33
41.7,4.488
41.71,4.343
41.72,4.476
41.73,4.508
41.74,4.385
41.75,4.305
41.76,4.323
41.77,4.335
41.78,4.466
41.79,4.312
41.8,4.3
41.81,4.386
41.82,4.263
41.83,4.347
41.84,4.402
41.85,4.47
41.86,4.388
41.87,4.416
41.88,4.486
41.89,4.481
41.9,4.446
41.91,4.465
41.92,4.318
41.93,4.482
41.94,4.252
41.95,4.266
41.96,4.297
41.97,4.329
41.98,4.419
41.99,4.281
42,4.445
42.01,4.381
42.02,4.425
42.03,4.365
42.04,4.381
42.05,4.449
42.06,4.351
42.07,4.402
42.08,4.292
42.09,4.295
42.1,4.496
42.11,4.473
42.12,4.324
42.13,4.486
42.14,4.425
42.15,4.316
42.16,4.509
42.17,4.23
42.18,4.255
42.19,4.267
42.2,4.424
42.21,4.293
42.22,4.415
42.23,4.478
42.24,4.328
42.25,4.371
42.26,4.409
42.27,4.383
42.28,4.352
42.29,4.362
42.3,4.521
42.31,4.35
42.32,4.299
42.33,4.364
42.34,4.346
42.35,4.384
42.36,4.406
42.37,4.382
42.38,4.367
42.39,4.323
42.4,4.29
42.41,4.283
42.42,4.364
42.43,4.298
42.44,4.312
42.45,4.445
42.46,4.433
42.47,4.373
42.48,4.397
42.49,4.38
42.5,4.365
42.51,4.414
42.52,4.422
42.53,4.343
42.54,4.488
42.55,4.356
42.56,4.296
42.57,4.275
42.58,4.36
42.59,4.263
42.6,4.209
42.61,4.324
42.62,4.286
42.63,4.465
42.64,4.278
42.65,4.382
42.66,4.387
42.67,4.348
42.68,4.393
42.69,4.284
42.7,4.44
42.71,4.407
42.72,4.485
42.73,4.329
42.74,4.375
42.75,4.267
42.76,4.301
42.77,4.198
42.78,4.369
42.79,4.352
42.8,4.335
42.81,4.294
42.82,4.393
42.83,4.405
42.84,4.342
42.85,4.352
42.86,4.264
42.87,4.4
42.88,4.384
42.89,4.326
42.9,4.364
42.91,4.328
42.92,4.433
42.93,4.23
42.94,4.381
42.95,4.365
42.96,4.343
42.97,4.381
42.98,4.375
42.99,4.363
43,4.301
43.01,4.296
43.02,4.395
43.03,4.333
43.04,4.281
43.05,4.335
43.06,4.224
43.07,4.317
43.08,4.459
43.09,4.309
43.1,4.233
43.11,4.44
43.12,4.339
43.13,4.349
43.14,4.354
43.15,4.36
43.16,4.323
43.17,4.339
43.18,4.252
43.19,4.426
43.2,4.246
43.21,4.359
43.22,4.353
43.23,4.288
43.24,4.431
43.25,4.362
43.26,4.294
43.27,4.295
43.28,4.399
43.29,4.376
43.3,4.369
43.31,4.32
43.32,4.149
43.33,4.285
43.34,4.345
43.35,4.386
43.36,4.313
43.37,4.45
43.38,4.25
43.39,4.389
43.4,4.359
43.41,4.313
43.42,4.4
43.43,4.36
43.44,4.336
43.45,4.38
43.46,4.336
43.47,4.232
43.48,4.3
43.49,4.259
43.5,4.343
43.51,4.453
43.52,4.446
43.53,4.278
43.54,4.379
43.55,4.33
43.56,4.154
43.57,4.233
43.58,4.221
43.59,4.409
43.6,4.344
43.61,4.383
43.62,4.328
43.63,4.244
43.64,4.419
43.65,4.313
43.66,4.324
43.67,4.335
43.68,4.331
43.69,4.282
43.7,4.273
43.71,4.363
43.72,4.297
43.73,4.251
43.74,4.229
43.75,4.358
43.76,4.341
43.77,4.277
43.78,4.373
43.79,4.317
43.8,4.352
43.81,4.353
43.82,4.326
43.83,4.301
43.84,4.339
43.85,4.409
43.86,4.297
43.87,4.277
43.88,4.298
43.89,4.259
43.9,4.299
43.91,4.313
43.92,4.381
43.93,4.26
43.94,4.283
43.95,4.284
43.96,4.348
43.97,4.274
43.98,4.378
43.99,4.314
44,4.337
44.01,4.312
44.02,4.282
44.03,4.345
44.04,4.314
44.05,4.349
44.06,4.278
44.07,4.325
44.08,4.313
44.09,4.322
44.1,4.243
44.11,4.334
44.12,4.296
44.13,4.297
44.14,4.319
44.15,4.378
44.16,4.387
44.17,4.312
44.18,4.22
44.19,4.278
44.2,4.3
44.21,4.305
44.22,4.358
44.23,4.329
44.24,4.221
44.25,4.369
44.26,4.305
44.27,4.313
44.28,4.225
44.29,4.315
44.3,4.305
44.31,4.296
44.32,4.286
44.33,4.355
44.34,4.244
44.35,4.347
44.36,4.249
44.37,4.302
44.38,4.248
44.39,4.288
44.4,4.344
44.41,4.323
44.42,4.361
44.43,4.229
44.44,4.336
44.45,4.293
44.46,4.315
44.47,4.225
44.48,4.305
44.49,4.385
44.5,4.253
44.51,4.392
44.52,4.243
44.53,4.417
44.54,4.25
44.55,4.326
44.56,4.348
44.57,4.383
44.58,4.287
44.59,4.139
44.6,4.325
44.61,4.277
44.62,4.22
44.63,4.267
44.64,4.359
44.65,4.296
44.66,4.247
44.67,4.364
44.68,4.311
44.69,4.278
44.7,4.286
44.71,4.194
44.72,4.341
44.73,4.285
44.74,4.37
44.75,4.318
44.76,4.229
44.77,4.356
44.78,4.336
44.79,4.354
44.8,4.302
44.81,4.219
44.82,4.31
44.83,4.276
44.84,4.246
44.85,4.313
44.86,4.379
44.87,4.202
44.88,4.311
44.89,4.285
44.9,4.451
44.91,4.219
44.92,4.258
44.93,4.204
44.94,4.17
44.95,4.303
44.96,4.276
44.97,4.384
44.98,4.288
44.99,4.25
45,4.295
45.01,4.353
45.02,4.149
45.03,4.222
45.04,4.212
45.05,4.31
45.06,4.278
45.07,4.301
45.08,4.373
45.09,4.258
45.1,4.224
45.11,4.246
45.12,4.348
45.13,4.325
45.14,4.345
45.15,4.347
45.16,4.262
45.17,4.44
45.18,4.237
45.19,4.176
45.2,4.258
45.21,4.291
45.22,4.332
45.23,4.231
45.24,4.182
45.25,4.207
45.26,4.271
45.27,4.181
45.28,4.381
45.29,4.315
45.3,4.351
45.31,4.295
45.32,4.155
45.33,4.152
45.34,4.227
45.35,4.221
45.36,4.43
45.37,4.231
45.38,4.321
45.39,4.357
45.4,4.397
45.41,4.339
45.42,4.293
45.43,4.256
45.44,4.271
45.45,4.231
45.46,4.278
45.47,4.294
45.48,4.281
45.49,4.323
45.5,4.285
45.51,4.202
45.52,4.195
45.53,4.198
45.54,4.316
45.55,4.267
45.56,4.291
45.57,4.239
45.58,4.251
45.59,4.387
45.6,4.364
45.61,4.354
45.62,4.294
45.63,4.375
45.64,4.272
45.65,4.264
45.66,4.278
45.67,4.196
45.68,4.176
45.69,4.206
45.7,4.376
45.71,4.244
45.72,4.269
45.73,4.341
45.74,4.107
45.75,4.283
45.76,4.293
45.77,4.145
45.78,4.337
45.79,4.277
45.8,4.231
45.81,4.262
45.82,4.35
45.83,4.232
45.84,4.25
45.85,4.254
45.86,4.249
45.87,4.289
45.88,4.259
45.89,4.195
45.9,4.213
45.91,4.252
45.92,4.342
45.93,4.336
45.94,4.324
45.95,4.26
45.96,4.187
45.97,4.273
45.98,4.288
45.99,4.249
46,4.209
46.01,4.373
46.02,4.242
46.03,4.305
46.04,4.338
46.05,4.281
46.06,4.241
46.07,4.352
46.08,4.267
46.09,4.225
46.1,4.2
46.11,4.121
46.12,4.258
46.13,4.309
46.14,4.312
46.15,4.274
46.16,4.221
46.17,4.359
46.18,4.264
46.19,4.338
46.2,4.264
46.21,4.186
46.22,4.292
46.23,4.295
46.24,4.301
46.25,4.29
46.26,4.215
46.27,4.187
46.28,4.272
46.29,4.357
46.3,4.216
46.31,4.243
46.32,4.281
46.33,4.31
46.34,4.147
46.35,4.224
46.36,4.303
46.37,4.233
46.38,4.254
46.39,4.256
46.4,4.27
46.41,4.229
46.42,4.31
46.43,4.307
46.44,4.208
46.45,4.288
46.46,4.265
46.47,4.26
46.48,4.29
46.49,4.202
46.5,4.273
46.51,4.288
46.52,4.251
46.53,4.212
46.54,4.292
46.55,4.272
46.56,4.269
46.57,4.318
46.58,4.399
46.59,4.173
46.6,4.24
46.61,4.257
46.62,4.245
46.63,4.271
46.64,4.2
46.65,4.241
46.66,4.185
46.67,4.256
46.68,4.291
46.69,4.319
46.7,4.255
46.71,4.207
46.72,4.209
46.73,4.329
46.74,4.315
46.75,4.149
46.76,4.301
46.77,4.17
46.78,4.297
46.79,4.352
46.8,4.226
46.81,4.268
46.82,4.279
46.83,4.272
46.84,4.303
46.85,4.255
46.86,4.274
46.87,4.177
46.88,4.195
46.89,4.193
46.9,4.26
46.91,4.321
46.92,4.272
46.93,4.186
46.94,4.218
46.95,4.207
46.96,4.313
46.97,4.312
46.98,4.263
46.99,4.319
47,4.3
47.01,4.253
47.02,4.187
47.03,4.131
47.04,4.212
47.05,4.166
47.06,4.225
47.07,4.31
47.08,4.3
47.09,4.361
47.1,4.285
47.11,4.134
47.12,4.272
47.13,4.275
47.14,4.182
47.15,4.222
47.16,4.166
47.17,4.289
47.18,4.286
47.19,4.338
47.2,4.2
47.21,4.196
47.22,4.278
47.23,4.258
47.24,4.284
47.25,4.291
47.26,4.223
47.27,4.315
47.28,4.287
47.29,4.284
47.3,4.163
47.31,4.298
47.32,4.222
47.33,4.193
47.34,4.272
47.35,4.267
47.36,4.209
47.37,4.197
47.38,4.224
47.39,4.381
47.4,4.218
47.41,4.21
47.42,4.298
47.43,4.181
47.44,4.18
47.45,4.203
47.46,4.324
47.47,4.387
47.48,4.217
47.49,4.245
47.5,4.24
47.51,4.155
47.52,4.274
47.53,4.18
47.54,4.168
47.55,4.313
47.56,4.225
47.57,4.226
47.58,4.317
47.59,4.216
47.6,4.154
47.61,4.192
47.62,4.292
47.63,4.244
47.64,4.268
47.65,4.309
47.66,4.264
47.67,4.323
47.68,4.148
47.69,4.211
47.7,4.342
47.71,4.234
47.72,4.275
47.73,4.171
47.74,4.216
47.75,4.197
47.76,4.407
47.77,4.256
47.78,4.152
47.79,4.269
47.8,4.246
47.81,4.118
47.82,4.397
47.83,4.354
47.84,4.199
47.85,4.271
47.86,4.124
47.87,4.111
47.88,4.264
47.89,4.175
47.9,4.317
47.91,4.258
47.92,4.223
47.93,4.228
47.94,4.229
47.95,4.165
47.96,4.267
47.97,4.281
47.98,4.247
47.99,4.301
48,4.186
48.01,4.261
48.02,4.276
48.03,4.23
48.04,4.34
48.05,4.227
48.06,4.163
48.07,4.205
48.08,4.139
48.09,4.242
48.1,4.17
48.11,4.285
48.12,4.205
48.13,4.24
48.14,4.221
48.15,4.355
48.16,4.271
48.17,4.182
48.18,4.232
48.19,4.401
48.2,4.216
48.21,4.206
48.22,4.197
48.23,4.285
48.24,4.233
48.25,4.262
48.26,4.188
48.27,4.204
48.28,4.316
48.29,4.322
48.3,4.134
48.31,4.22
48.32,4.203
48.33,4.136
48.34,4.198
48.35,4.199
48.36,4.281
48.37,4.182
48.38,4.228
48.39,4.285
48.4,4.24
48.41,4.268
48.42,4.195
48.43,4.248
48.44,4.273
48.45,4.23
48.46,4.257
48.47,4.202
48.48,4.31
48.49,4.197
48.5,4.283
48.51,4.151
48.52,4.21
48.53,4.283
48.54,4.246
48.55,4.212
48.56,4.3
48.57,4.221
48.58,4.216
48.59,4.256
48.6,4.345
48.61,4.253
48.62,4.174
48.63,4.083
48.64,4.279
48.65,4.221
48.66,4.297
48.67,4.199
48.68,4.262
48.69,4.243
48.7,4.105
48.71,4.197
48.72,4.218
48.73,4.232
48.74,4.274
48.75,4.184
48.76,4.23
48.77,4.304
48.78,4.241
48.79,4.258
48.8,4.303
48.81,4.246
48.82,4.187
48.83,4.234
48.84,4.152
48.85,4.291
48.86,4.273
48.87,4.159
48.88,4.104
48.89,4.121
48.9,4.246
48.91,4.28
48.92,4.193
48.93,4.225
48.94,4.23
48.95,4.275
48.96,4.304
48.97,4.192
48.98,4.31
48.99,4.164
49,4.275
49.01,4.211
49.02,4.159
49.03,4.171
49.04,4.253
49.05,4.235
49.06,4.332
49.07,4.184
49.08,4.18
49.09,4.195
49.1,4.178
49.11,4.212
49.12,4.263
49.13,4.212
49.14,4.236
49.15,4.244
49.16,4.202
49.17,4.134
49.18,4.235
49.19,4.315
49.2,4.166
49.21,4.246
49.22,4.34
49.23,4.258
49.24,4.28
49.25,4.319
49.26,4.267
49.27,4.243
49.28,4.2
49.29,4.248
49.3,4.186
49.31,4.209
49.32,4.197
49.33,4.25
49.34,4.149
49.35,4.165
49.36,4.114
49.37,4.216
49.38,4.252
49.39,4.304
49.4,4.132
49.41,4.17
49.42,4.191
49.43,4.26
49.44,4.357
49.45,4.235
49.46,4.326
49.47,4.199
49.48,4.249
49.49,4.162
49.5,4.193
49.51,4.218
49.52,4.268
49.53,4.229
49.54,4.173
49.55,4.2
49.56,4.268
49.57,4.269
49.58,4.323
49.59,4.149
49.6,4.09
49.61,4.24
49.62,4.175
49.63,4.161
49.64,4.152
49.65,4.285
49.66,4.241
49.67,4.297
49.68,4.299
49.69,4.202
49.7,4.259
49.71,4.129
49.72,4.29
49.73,4.296
49.74,4.241
49.75,4.23
49.76,4.172
49.77,4.218
49.78,4.206
49.79,4.201
49.8,4.294
49.81,4.091
49.82,4.234
49.83,4.179
49.84,4.157
49.85,4.149
49.86,4.242
49.87,4.36
49.88,4.174
49.89,4.239
49.9,4.257
49.91,4.285
49.92,4.25
49.93,4.289
49.94,4.171
49.95,4.338
49.96,4.208
49.97,4.204
49.98,4.179
49.99,4.171
50,4.223
